<?xml version="1.0" encoding="utf-8"?>
<beans xmlns="http://www.springframework.org/schema/beans"
	xmlns:xsi="http://www.w3.org/2001/XMLSchema-instance" 
	xmlns:mvc="http://www.springframework.org/schema/mvc"
	xmlns:context="http://www.springframework.org/schema/context"
	xmlns:aop="http://www.springframework.org/schema/aop"
	xmlns:tx="http://www.springframework.org/schema/tx"
	xsi:schemaLocation="http://www.springframework.org/schema/beans
	http://www.springframework.org/schema/beans/spring-beans.xsd
	http://www.springframework.org/schema/mvc
	http://www.springframework.org/schema/mvc/spring-mvc.xsd
	http://www.springframework.org/schema/context
	http://www.springframework.org/schema/context/spring-context.xsd
	http://www.springframework.org/schema/aop
	http://www.springframework.org/schema/aop/spring-aop.xsd
	http://www.springframework.org/schema/tx
	http://www.springframework.org/schema/tx/spring-tx.xsd">

	<context:component-scan base-package="controller"></context:component-scan>
	
	<mvc:annotation-driven></mvc:annotation-driven>
	
	<bean class="org.springframework.web.servlet.view.InternalResourceViewResolver">
		<property name="prefix" value="/jsp"></property>
		<property name="suffix" value=".jsp"></property>
	</bean>
	
	<mvc:interceptors>
		<mvc:interceptor>
			<mvc:mapping path="/**"/>
			<bean class="interceptor.CheckIsLogin"></bean>
		</mvc:interceptor>
		<mvc:interceptor>
			<mvc:mapping path="/**"/>
			<bean class="interceptor.CheckManagerIsLogin"></bean>
		</mvc:interceptor>
	</mvc:interceptors>
	
	<bean class="exception.CustomExceptionResolver"></bean>
	
</beans>